{
    "lons": [
        118.02502852500716,
        117.64328616344818,
        117.05425544870619,
        116.41883903635622,
        114.62557360574138,
        114.04013802817423
    ],
    "lats": [
        24.7892429864321,
        25.21128519780794,
        23.693953166205304,
        24.05622803981888,
        20.877784148884047,
        25.031916916708038
    ],
    "counts": [
        1,
        9,
        8,
        8,
        5,
        6
    ]
}