{
    "lons": [
        114.57425967831507,
        112.0671047919742,
        114.20144513734382,
        114.08354109208773,
        115.89090214693,
        112.99326635427957,
        116.92930001137252,
        116.17848928618386,
        113.31092222766797,
        118.18705685203271,
        116.09790172493891,
        114.31280327990424,
        115.05883393814763,
        118.9078360188655,
        112.87532861527208,
        115.65991453475597,
        114.08404806608539,
        117.61700098313263,
        118.82934575394631,
        115.52094671384408,
        113.79912031970157,
        117.41358726979485,
        116.43252645898258,
        116.80473567023473,
        116.70578028709048
    ],
    "lats": [
        22.09689133435229,
        23.786929389967437,
        23.562091029265922,
        22.726285844648256,
        22.04831329702416,
        25.48054342506836,
        23.641207223665873,
        21.940692015880657,
        22.58419141144511,
        21.752686894478533,
        21.92558590483496,
        22.568463387302227,
        22.88089038742434,
        22.1061237359202,
        24.12989424914458,
        22.170446157613302,
        24.99067337867741,
        23.19336868778277,
        20.93528840070075,
        24.270049608120317,
        24.59542651878813,
        20.71066648170792,
        24.668675409364493,
        22.38082008303519,
        23.427820733774258
    ],
    "counts": [
        1,
        2,
        2,
        2,
        7,
        7,
        5,
        4,
        9,
        7,
        5,
        4,
        10,
        10,
        0,
        5,
        9,
        7,
        0,
        8,
        7,
        5,
        10,
        3,
        0
    ]
}