{
    "lons": [
        115.36153156766983,
        113.7599971161985,
        114.12901926305692
    ],
    "lats": [
        22.455607392758317,
        21.30763636065641,
        23.744575413072475
    ],
    "counts": [
        4,
        9,
        0
    ]
}