{
    "lons": [
        113.01556378495891,
        118.60579028434624,
        117.96200138344383,
        116.4762139362476,
        117.95566406995275,
        117.06041313780577,
        113.99302329384676
    ],
    "lats": [
        22.019690531357856,
        24.956588917028593,
        24.98375222868581,
        24.63583339582707,
        22.346475045075948,
        23.976874252748118,
        21.56160099948274
    ],
    "counts": [
        2,
        10,
        7,
        10,
        4,
        8,
        7
    ]
}