{
    "lons": [
        118.33788962219589,
        112.08468841071692,
        112.36338297570936,
        117.86531467997558,
        114.6214665989212,
        116.6049607228267,
        116.60194176050688,
        118.75522242998295,
        114.33708237456212,
        113.0467651965561,
        114.28282648895826
    ],
    "lats": [
        22.89516056463763,
        25.442590959540965,
        22.98924854064757,
        21.992365093821057,
        21.24403166149556,
        24.383169675039667,
        20.798763714168032,
        23.699825523549112,
        23.973595844378654,
        22.05734624098752,
        24.781397792679073
    ],
    "counts": [
        4,
        3,
        1,
        7,
        1,
        7,
        6,
        4,
        10,
        7,
        1
    ]
}