{
    "lons": [
        117.19330893075421,
        118.11592097583907,
        116.60991399532202,
        114.23764510569987,
        114.73635120534173,
        115.88291272097393,
        115.90102086711346,
        112.12385140020824,
        117.9433697140691,
        116.59643102706077,
        118.60006720260071,
        115.71752429552792,
        116.489039695981,
        118.08119395041852,
        117.588323088298,
        115.15389301701872,
        118.82414265184754
    ],
    "lats": [
        22.718746660819043,
        23.683171178872144,
        21.56533927760362,
        23.64096164998051,
        22.97126157691097,
        24.706637192280873,
        21.370450209831883,
        23.816052732636752,
        23.96182217146212,
        23.53761244629655,
        25.008428521646362,
        23.461655538668158,
        25.32601925909985,
        22.58044303682224,
        24.85795441361386,
        20.548647789935657,
        21.81367743096614
    ],
    "counts": [
        3,
        10,
        1,
        6,
        4,
        3,
        9,
        9,
        9,
        4,
        0,
        9,
        6,
        2,
        7,
        5,
        8
    ]
}