{
    "lons": [
        113.69781759411848,
        116.71235988661638,
        114.0643936858955,
        118.05467823309043,
        113.02143288784642,
        118.48182778560117,
        113.56239160278477,
        113.03431223244303,
        115.45690915535295,
        112.66398625169508,
        115.91763400118579,
        118.02344375764059,
        117.37681961880718
    ],
    "lats": [
        21.4388012654496,
        22.65499132829097,
        21.06780626506226,
        23.633761893946662,
        21.58297610160093,
        24.087433365122298,
        20.97795145559098,
        23.769224957422264,
        24.114042022983778,
        24.851475694295722,
        23.460968542403947,
        22.664369984700745,
        23.760189556020492
    ],
    "counts": [
        10,
        0,
        7,
        0,
        5,
        10,
        3,
        9,
        8,
        10,
        6,
        5,
        4
    ]
}