{
    "lons": [
        118.0587633271928,
        113.93816778444125,
        112.02842383704204,
        112.90432137615947,
        113.19848536042248,
        113.64158334574728,
        117.12662191195245,
        117.30316839932487,
        115.46487599475253,
        117.7936836430748
    ],
    "lats": [
        21.71841701570995,
        22.996734267261054,
        24.159331322965443,
        22.588611597686878,
        21.190051747700053,
        24.597722657851385,
        24.355309864425223,
        21.409045516909604,
        21.990396102483505,
        22.01021828750979
    ],
    "counts": [
        5,
        3,
        1,
        1,
        4,
        5,
        2,
        6,
        8,
        10
    ]
}