{
    "lons": [
        115.38024842752415,
        114.44037492539667,
        117.82757215400744,
        115.04791109929702,
        117.93147239809642,
        112.78652698611198,
        113.95646762546515,
        114.48276783840375
    ],
    "lats": [
        22.789527258505572,
        22.419383292314162,
        22.099832799596523,
        24.2150774849867,
        21.241522902045748,
        21.945412783514524,
        25.419571142231305,
        22.673090164383172
    ],
    "counts": [
        5,
        1,
        5,
        6,
        8,
        7,
        9,
        1
    ]
}