{
    "lons": [
        115.73711489180576,
        118.88907515829813,
        112.42054937032967,
        114.66680241008946,
        113.31438955089114,
        116.89723292681226,
        112.41746411671626,
        115.09007384260991,
        113.37120191990843,
        114.78762486886677,
        114.60322314507151,
        117.65140361830952,
        112.74378793003147,
        116.39213633231932,
        118.29307085374631,
        118.82042126463908,
        117.62632904958419,
        115.03376255983892,
        115.72556658868618,
        115.31038923674328
    ],
    "lats": [
        24.875342309766786,
        24.31696499135993,
        20.746833396212526,
        20.514167981517943,
        24.764440242902186,
        23.896247568328274,
        22.115315040708936,
        22.313965687395676,
        24.067533822392956,
        21.911804719542143,
        24.766856803625814,
        21.771832120515324,
        22.383317850087582,
        23.781577005470258,
        21.466535712554396,
        25.22261192293294,
        20.775380051885136,
        22.444414173284414,
        23.119197983089045,
        20.97005572636291
    ],
    "counts": [
        8,
        9,
        3,
        0,
        10,
        4,
        10,
        2,
        3,
        10,
        8,
        9,
        9,
        9,
        7,
        2,
        2,
        10,
        6,
        5
    ]
}