{
    "lons": [
        116.52772913773883,
        113.85878907704226,
        114.75333295010235,
        112.76521249550551,
        113.95579930539085,
        112.1925577115446,
        116.16847240474925,
        113.72108251538685,
        112.9109167318505,
        117.08548189827363,
        114.86107623573434,
        118.7689689085722,
        117.16936423250513,
        112.0151486055795,
        112.97699598293518,
        114.58664984073754,
        113.82311746882242,
        115.35804940184983,
        114.64453696717214,
        115.54426658186253,
        118.57084186585675,
        115.12119980586118,
        117.55741584432143,
        117.42088702646645,
        117.42627642409171,
        114.04163267985636,
        113.39553833574604,
        114.36610819610858,
        117.23641923817124,
        116.01140024164962
    ],
    "lats": [
        22.183319125981797,
        22.42972959481339,
        23.219244794875568,
        22.46880225281269,
        23.368660122576316,
        21.738851190563196,
        22.02616438624027,
        22.783074548515803,
        21.49586245732083,
        23.30006561169504,
        25.005156383316795,
        24.125549737430653,
        23.45734921086886,
        21.069656542899626,
        21.891363419821452,
        21.243066791364598,
        23.161262533124663,
        22.13104356242551,
        23.970620403094138,
        24.443670438246688,
        22.675822153529772,
        22.679174614220646,
        21.973786724371212,
        24.951813391395902,
        22.895400579251774,
        22.962651990851427,
        24.68905693374756,
        21.457533807666085,
        20.551978966773024,
        20.70475089664668
    ],
    "counts": [
        9,
        4,
        8,
        4,
        5,
        2,
        3,
        6,
        2,
        10,
        8,
        7,
        4,
        1,
        4,
        7,
        8,
        4,
        7,
        0,
        6,
        7,
        6,
        8,
        3,
        4,
        10,
        6,
        6,
        5
    ]
}