{
    "lons": [
        117.42598112716668,
        112.87569048722867,
        117.62743397435291,
        114.33145779185287,
        115.97862756546367,
        115.65644928497582,
        118.75355448622705,
        118.76449838480687,
        113.80009796446129,
        117.52026656355889,
        114.84085503214132,
        113.38671344538845,
        113.53213829613064,
        115.82948011613075,
        118.70770441277725,
        114.13053291749401,
        118.8028418694325,
        114.48627434305837,
        112.36761949453295,
        117.8917686393385,
        117.43115859037547,
        113.05974387235298,
        118.43322994003252,
        115.17186403060296,
        112.29811814322498,
        116.94272519043469,
        117.24743118238955
    ],
    "lats": [
        25.368481173757893,
        25.002130132032903,
        23.094962480191306,
        24.80996833858588,
        23.53350592487449,
        20.707351403632906,
        22.07119759365902,
        21.31563458678198,
        21.61381019592795,
        24.84532050220268,
        22.52651910884652,
        23.962898450650272,
        23.832158547349103,
        23.722630654203293,
        20.90565556757573,
        25.012877368080087,
        24.09013559121041,
        23.327622744146396,
        21.446069426144543,
        24.061663712858067,
        21.621005593599065,
        23.150758818999908,
        23.653987324975432,
        20.793237487897525,
        24.0324300465036,
        21.047003739430398,
        24.4036346802493
    ],
    "counts": [
        6,
        4,
        1,
        7,
        8,
        0,
        0,
        9,
        4,
        1,
        10,
        1,
        5,
        1,
        10,
        2,
        1,
        4,
        9,
        3,
        0,
        4,
        6,
        9,
        8,
        4,
        9
    ]
}