{
    "lons": [
        117.03623686286703,
        114.38329292315218,
        116.44624951767351,
        117.43550746967857,
        113.55505802093802,
        117.19964736529965,
        114.50968566384887,
        113.46949209636446,
        117.4021139502962,
        116.75697759988064,
        118.84966947604387,
        115.06051713430833,
        112.85833037865687,
        112.32575359610837,
        113.81585905972997,
        117.0017706936818,
        113.87096482923108,
        116.75408483171607,
        115.09151790876936,
        117.4815048809592,
        118.0260114268502,
        118.20998272244749,
        117.74472579816094,
        118.30148487198282,
        118.53330389435735,
        115.18417202101847,
        113.47604358241398,
        113.62857488048147,
        115.42043564926539
    ],
    "lats": [
        20.622849156234313,
        24.243707493621194,
        23.824560429418497,
        22.42902752785624,
        20.69652542109695,
        21.338454730712314,
        20.91579511419187,
        22.40575523926426,
        25.003844237862054,
        24.567958931692633,
        21.25290316780436,
        21.11725763365821,
        25.2425431724639,
        23.528580637027005,
        21.79420198510046,
        21.145981766064338,
        24.800654771632644,
        25.368040046316523,
        21.028777702707107,
        24.360664824979043,
        20.790713350351663,
        21.30868482242003,
        22.32765719048643,
        22.668350163174,
        21.045897239240855,
        24.097749966822715,
        22.930993315569022,
        23.586598625343257,
        24.76875575244149
    ],
    "counts": [
        4,
        10,
        7,
        5,
        4,
        4,
        10,
        5,
        7,
        10,
        9,
        6,
        8,
        10,
        7,
        7,
        5,
        3,
        2,
        7,
        0,
        4,
        6,
        8,
        5,
        3,
        2,
        3,
        6
    ]
}