{
    "lons": [
        113.43188661442727,
        116.00937630555838,
        114.53116656485703,
        116.30416052292621,
        117.75462932374815,
        117.20956355013261,
        112.17558021129878,
        116.57705715098703,
        113.08550020964701,
        115.9852861333106,
        114.24873402000425,
        113.30723029056561,
        118.31952095965802,
        117.527239419493,
        118.06516044827634,
        118.13928447877241,
        115.22048187928287,
        112.20955630801525,
        117.86618374557511,
        115.18409808451277,
        114.41252572391703,
        114.83542694489536
    ],
    "lats": [
        23.127428686456955,
        24.20536599992117,
        24.550764321384875,
        24.049090041512777,
        23.225949834579026,
        23.595785875405827,
        23.201174378308778,
        20.905545584363377,
        20.60654212542352,
        24.953592503629935,
        23.140502411528075,
        25.253185871249094,
        23.328548268417766,
        24.79002612756784,
        25.125121585897052,
        23.263799423655534,
        23.544931032745282,
        20.962240463994082,
        21.794165000995108,
        23.871191518073175,
        24.227923786043085,
        25.056539475642847
    ],
    "counts": [
        9,
        1,
        10,
        3,
        10,
        5,
        0,
        4,
        4,
        2,
        8,
        0,
        9,
        1,
        6,
        10,
        0,
        7,
        7,
        5,
        6,
        5
    ]
}