{
    "lons": [
        112.19008050865496,
        114.865951759157,
        117.8394592081455,
        112.56789679028435,
        117.44018951150822,
        117.43628106792792,
        112.8318963145604,
        113.83724876835335,
        113.24563315087458,
        112.34922870321637,
        115.20159420408292,
        117.02922342181087,
        117.92045895813989,
        117.3452237743249,
        114.57279417078597,
        117.20898727758939,
        115.41264137685029,
        117.31491758485139,
        117.8607926441175,
        117.57105116412446,
        113.44150093010319,
        116.03258803954382,
        114.97046912960967,
        118.49289988007374,
        114.14757122118849,
        112.74833346575767,
        112.4328364948273
    ],
    "lats": [
        22.40960907259542,
        23.830299488879405,
        25.456324033832338,
        20.682224564687836,
        24.6603113452625,
        22.90501452644219,
        22.455396039965766,
        21.021375070932734,
        21.250587212185334,
        23.459639325520875,
        24.68175682764971,
        21.219128720749087,
        22.156703290999225,
        24.698403908386275,
        20.60938230915055,
        24.003864807336644,
        22.586543377411203,
        20.752867775603658,
        21.52020472253289,
        22.654793799599947,
        23.249834297191526,
        22.99684209563869,
        21.230175458557845,
        20.82204050662739,
        20.960580619195625,
        24.959284457872034,
        22.5193868122906
    ],
    "counts": [
        6,
        0,
        6,
        7,
        9,
        5,
        9,
        3,
        4,
        9,
        2,
        2,
        5,
        0,
        5,
        6,
        3,
        5,
        3,
        7,
        1,
        8,
        5,
        4,
        5,
        4,
        0
    ]
}