{
    "lons": [
        117.0900737185829,
        118.07425095915744,
        116.01765892172791,
        118.65487100362884,
        116.07321277199543,
        117.96069208061937,
        112.01861471269594,
        118.2295910223719,
        117.83488907457371,
        115.8406682705457,
        118.71824264401515,
        115.55898447587198,
        113.94253261955275,
        116.48117534573558,
        117.27103326680682,
        115.32736625653375,
        112.77063584082082,
        115.11425133228848
    ],
    "lats": [
        23.594951068926914,
        21.767737106789237,
        23.113104344127223,
        23.509259917012134,
        23.609489951388664,
        20.753718803365874,
        20.6094209766079,
        22.323900533195573,
        25.138727857699333,
        24.319092222446816,
        24.72252496695677,
        25.346483086592073,
        23.276533240312006,
        25.13404524417383,
        25.116563880219733,
        23.592125319102443,
        24.132317886952947,
        23.56634461010883
    ],
    "counts": [
        9,
        3,
        1,
        8,
        0,
        5,
        4,
        9,
        4,
        9,
        1,
        6,
        0,
        9,
        1,
        9,
        5,
        6
    ]
}