{
    "lons": [
        116.3846200010122,
        114.76811657600851,
        113.88706731557939,
        114.65917015852432,
        116.19970915571533,
        118.05486454233721,
        118.50418989836697,
        117.30559830550897,
        112.90140322614992,
        114.52985849338899,
        118.88407996149748,
        114.62261608784978,
        114.06484462087964,
        113.86298637465164,
        117.82366248399383,
        112.81294604957019,
        112.76480949585095,
        117.08855550800028,
        112.40339077498521,
        117.07999647531403,
        114.69600908169267,
        114.78000229009604,
        113.07397603505079
    ],
    "lats": [
        22.27635023262971,
        21.462874914744233,
        24.086335220438798,
        22.17509437530485,
        21.26344570817778,
        21.045310061994837,
        25.181050183649404,
        21.662407059870592,
        23.6139528327215,
        25.436192846866895,
        24.299028987880227,
        23.316940386745944,
        22.098936537803173,
        23.816345120996242,
        22.627022677962152,
        22.145803888223885,
        22.30647132087048,
        21.639176073622032,
        24.603337253288345,
        20.752554458369374,
        24.721655966996362,
        21.84055850378857,
        22.827591023641844
    ],
    "counts": [
        4,
        9,
        6,
        9,
        0,
        2,
        0,
        6,
        6,
        8,
        9,
        9,
        0,
        0,
        4,
        4,
        2,
        7,
        3,
        9,
        6,
        2,
        5
    ]
}