{
    "lons": [
        114.82742425871949,
        113.8270865808365,
        116.08647881146081,
        117.43731922917219,
        114.14562990033248,
        115.89552250161806,
        118.7816010160665,
        118.04468490739103
    ],
    "lats": [
        24.05587878599712,
        22.52521803686374,
        20.537725486298484,
        24.04717034091532,
        20.788270936576907,
        20.720738321363285,
        23.688319477573195,
        22.87037527980406
    ],
    "counts": [
        2,
        0,
        8,
        1,
        5,
        8,
        4,
        4
    ]
}