{
    "lons": [
        118.47224697388134,
        112.51423454549409,
        115.75336476404276,
        114.35910238993206,
        112.83223750877605,
        118.26205941871662,
        116.40106811866002,
        118.5773081446183,
        117.86164018949664,
        115.28088518416752,
        112.0832351354315,
        114.3673734996722,
        118.54725770164856,
        116.60848108545727,
        118.81846068202388,
        117.87544944900651,
        117.39363354858564,
        115.23810378471228,
        118.64304092909296,
        115.04659105449217
    ],
    "lats": [
        23.423531758524533,
        20.70311297941277,
        23.041897209373957,
        24.893113223271747,
        23.728862241467905,
        23.284407690741226,
        23.957710331783662,
        21.434080289372442,
        22.219988322341333,
        24.403414037454173,
        23.418162974250407,
        23.148044516658572,
        22.360580810382455,
        23.607295688871,
        21.430998741757712,
        24.18726529971021,
        23.214841911086793,
        23.532613135233255,
        21.478432370208214,
        23.270830465881513
    ],
    "counts": [
        5,
        3,
        7,
        1,
        0,
        3,
        6,
        2,
        4,
        4,
        3,
        4,
        5,
        7,
        1,
        8,
        5,
        0,
        5,
        10
    ]
}