{
    "lons": [
        113.76548333254065,
        115.7239402389317,
        118.01746976225235,
        113.75494427705173,
        112.69607374133979
    ],
    "lats": [
        21.246324335836423,
        24.418098372476102,
        21.677943061060617,
        20.528025709892496,
        21.54365347542517
    ],
    "counts": [
        8,
        10,
        4,
        10,
        6
    ]
}