{
    "lons": [
        113.89425747615127,
        114.88308323946598,
        117.4576914872623,
        112.27905219636091,
        115.58418703173582,
        112.64318850585383,
        113.20139031453115,
        113.98481152503507,
        118.1036495476775,
        117.88143003758329,
        118.01719594573946,
        118.7920712151308,
        114.89058560035812,
        116.70242913187397,
        117.68832548403859,
        118.31569138507497
    ],
    "lats": [
        20.654394978892878,
        20.827866897694825,
        24.97904864226858,
        22.804560435078905,
        21.61839336150233,
        25.238051488263757,
        23.302499175067275,
        22.612128480963168,
        21.675932245720684,
        22.98806685581308,
        22.906170238582575,
        21.83280096987323,
        25.126655716040414,
        22.648809569148373,
        21.007321189964113,
        22.027151914588114
    ],
    "counts": [
        1,
        4,
        4,
        6,
        1,
        9,
        6,
        10,
        6,
        4,
        3,
        7,
        1,
        3,
        0,
        3
    ]
}