{
    "lons": [
        118.11947200275881,
        112.42845667309136,
        114.11067374916203,
        116.89618375902499,
        114.04540540805702,
        116.4247118314097,
        114.39271049474006,
        112.24925845175264,
        118.35231616645676,
        116.80814419405192,
        114.64158270161016,
        117.33811767297225,
        116.95135014591088,
        114.63852366053634,
        117.7236779334757,
        115.38088257829561,
        113.50510403286914,
        115.685316087991,
        115.01227852431005,
        118.53812047249752,
        112.71839705447695,
        113.47921604055023,
        116.99164383185763,
        113.42022129601362,
        115.66029600082769,
        112.91200320892293,
        114.7064814382418
    ],
    "lats": [
        24.4724362968596,
        24.975674730843963,
        21.73524214913574,
        21.69334371921618,
        22.857830122810235,
        20.818267655977763,
        24.037116557649917,
        24.26339716747498,
        23.5778443607174,
        23.926904367318738,
        25.202051025911395,
        22.413384375558365,
        24.383066833575864,
        21.99152072337614,
        25.007089286640664,
        21.98647492609294,
        21.58439519605335,
        21.027840513699523,
        23.210654040488613,
        21.667512918760185,
        23.96267832985014,
        22.00632822202193,
        21.778347745157433,
        23.864536890387864,
        20.898342810452323,
        21.640232971605254,
        21.394812529801502
    ],
    "counts": [
        3,
        4,
        3,
        7,
        0,
        1,
        2,
        1,
        10,
        10,
        3,
        3,
        4,
        5,
        10,
        2,
        4,
        8,
        0,
        9,
        6,
        2,
        5,
        9,
        0,
        9,
        5
    ]
}