{
    "lons": [
        116.32874021659204,
        116.97229907093974
    ],
    "lats": [
        21.73813312972418,
        22.317089731036727
    ],
    "counts": [
        9,
        7
    ]
}