{
    "lons": [
        116.7843878646552,
        117.69150013756645,
        118.50703588808042,
        117.71577190043392,
        113.88651028048616,
        112.84375129457534,
        115.40036016460706,
        117.86968259162848,
        112.63548005492792,
        118.29423168627862,
        117.10280856193937,
        114.62757314079109,
        112.20219288204375,
        115.92537019104338,
        117.32007691198663,
        114.59874241161788
    ],
    "lats": [
        24.35042530230995,
        24.420870628494427,
        23.35379605385155,
        22.170194329918672,
        20.794347569367496,
        21.91751683435854,
        23.255938936523215,
        24.559844586307356,
        23.93064384756396,
        23.51213572467104,
        24.393900078258145,
        21.785246037262066,
        20.7849318109695,
        24.65716969524591,
        20.51911412790325,
        21.72229879091069
    ],
    "counts": [
        3,
        4,
        6,
        9,
        0,
        2,
        7,
        4,
        7,
        8,
        7,
        8,
        2,
        3,
        8,
        1
    ]
}