{
    "lons": [
        112.4047551154205,
        112.32170997957422,
        118.18404897763558,
        112.41718696267823,
        117.06552394166349,
        114.3314185543826,
        117.25280203722367,
        116.91909450916843,
        112.9877410683045,
        112.49260633200454,
        118.88956407690448,
        117.49823782006139
    ],
    "lats": [
        23.26707801093659,
        24.23911600826059,
        20.9488928732551,
        23.374950898232726,
        24.186545333912328,
        21.885599492954384,
        24.424499056258956,
        24.32336597335549,
        23.677393061078202,
        22.368270162425205,
        22.343001774982728,
        20.72061621122619
    ],
    "counts": [
        5,
        3,
        10,
        3,
        5,
        6,
        1,
        4,
        1,
        3,
        10,
        0
    ]
}