{
    "lons": [
        116.4781816624783,
        115.0706477125552,
        117.21774776163181,
        113.79310107070775,
        112.54676915550857,
        118.57552002019145,
        118.36818425741885,
        114.3023381384833,
        112.13420660920043,
        117.55285557307465,
        114.44006841984451,
        117.40004741193042,
        116.35511142868256,
        114.15839404428696,
        114.55273267193132,
        114.99936156147855,
        116.50649721973606,
        118.13866157512976,
        116.18091079262058,
        114.74465636986872,
        117.7997845672951,
        112.56687021275802,
        114.92281405874316,
        115.15200636061472,
        115.80629390047991,
        112.7611237813544,
        117.93263479477416,
        112.33317438409844,
        116.69608464089495,
        117.71039748737759
    ],
    "lats": [
        24.62180570693134,
        24.82533011718929,
        22.274003611203984,
        25.23239983634363,
        22.610335090202817,
        22.070025949964656,
        24.62858875569582,
        23.682109006932496,
        21.182410326719115,
        20.97034178685249,
        22.776658635364083,
        20.745282268051856,
        22.805119564833774,
        25.0262686514961,
        21.006404347126857,
        22.15735158550343,
        20.753890903583006,
        20.75471066840999,
        23.53072148110862,
        21.18562133915864,
        23.976000971467663,
        21.51409477420365,
        23.422175487211423,
        21.11923629987044,
        22.721517356226975,
        24.406484729587778,
        24.44414384215247,
        22.905895902694663,
        20.796666630556334,
        25.15651270077013
    ],
    "counts": [
        8,
        4,
        7,
        7,
        1,
        8,
        7,
        4,
        4,
        9,
        2,
        2,
        0,
        0,
        2,
        8,
        7,
        4,
        9,
        2,
        0,
        3,
        6,
        1,
        8,
        8,
        1,
        1,
        4,
        3
    ]
}