{
    "lons": [
        112.79565600801746,
        118.59598497668048,
        115.57597357808105,
        116.61061227645793,
        116.82255239496159,
        112.25870408393175,
        114.54239153965871,
        114.6796396146652,
        114.73585710516926,
        118.55949018072441,
        115.43204374477028,
        115.45424988306651,
        112.63949292095049,
        117.06727550667125,
        115.17484456544918,
        114.62663905841083,
        114.91491521987594,
        113.10973252907048,
        117.81950663850478,
        115.56145904013745,
        115.12853211549073,
        112.32481080698105,
        112.81176523524354
    ],
    "lats": [
        21.41333889034616,
        24.164813572659867,
        25.291651390794307,
        24.47831620513556,
        25.24452971574606,
        23.59108663729252,
        24.955166289198544,
        22.09907834133823,
        22.124629158268863,
        25.005519645694324,
        23.2445314229729,
        20.86964778193766,
        22.09783900946729,
        24.4122904458105,
        23.992331384886597,
        23.65454503693571,
        20.606420925842414,
        25.120479486815963,
        21.453767352003283,
        22.47731109874893,
        25.013407601655917,
        25.131209023656844,
        24.971814587280313
    ],
    "counts": [
        1,
        4,
        2,
        7,
        6,
        7,
        3,
        8,
        2,
        5,
        3,
        7,
        6,
        10,
        3,
        3,
        9,
        2,
        0,
        8,
        2,
        3,
        10
    ]
}