{
    "lons": [
        114.7026413737135,
        113.869507718131,
        116.2619564976618,
        114.95745568692755,
        114.50647794458683,
        118.43895682804995,
        112.33490507187517,
        117.81033778596387,
        113.08213491741382,
        118.86009796070341,
        118.59584514884381,
        115.04162434876135,
        118.55513008302039,
        113.61127285513984,
        115.46652414224651,
        114.58197693341664,
        114.81749636533524
    ],
    "lats": [
        22.054682213430574,
        23.83273338725689,
        23.27735606956368,
        25.347025558821375,
        23.932059875512216,
        23.72643955636979,
        24.316644794295957,
        24.503601729661202,
        23.75227242635496,
        23.244771404288223,
        23.074992164998417,
        22.257793204900477,
        21.222822073618588,
        24.44433698240613,
        22.299092043957778,
        24.68593156757956,
        21.93008317889641
    ],
    "counts": [
        9,
        4,
        9,
        2,
        9,
        8,
        0,
        2,
        1,
        2,
        6,
        3,
        0,
        6,
        9,
        10,
        10
    ]
}