{
    "lons": [
        112.58065823556461,
        114.52192042521419,
        118.01307885201643,
        118.72710228397652,
        114.11519551573784,
        116.56255492224314,
        114.2441599154907,
        112.81819626906879,
        112.04774152936155,
        113.05613630576623,
        117.77656954486106,
        117.38600675565112,
        114.38295312881552,
        112.65802574955322,
        117.1523976901314,
        115.05246714300505,
        117.37428773311595,
        114.31579686944279,
        113.34790551201733,
        115.72745705965562,
        115.92480227601412,
        113.46594218547355,
        117.97804624947477,
        116.94476206244062,
        114.87882624546998
    ],
    "lats": [
        22.825960779830837,
        24.896391822251033,
        25.475618859088506,
        23.313452954203495,
        24.32115659872039,
        23.94410443886067,
        22.355287628700133,
        22.760639133776667,
        21.65418975724912,
        25.001815063345138,
        23.36640229070289,
        21.055481797427483,
        22.478727777793264,
        22.580180634881494,
        24.513770632502837,
        25.44450116968507,
        20.999744035295507,
        22.362778927481706,
        25.270734780118254,
        23.838505356851524,
        20.81340677114431,
        21.472723591185915,
        25.263044970118354,
        22.65730048716445,
        22.614938383286212
    ],
    "counts": [
        7,
        8,
        5,
        0,
        2,
        4,
        4,
        6,
        8,
        8,
        9,
        3,
        2,
        1,
        8,
        8,
        2,
        0,
        0,
        7,
        7,
        10,
        0,
        3,
        8
    ]
}