{
    "lons": [
        114.46926908310922,
        112.76813467030543,
        118.29201628984987,
        116.57313403845656,
        116.23284244704622,
        112.03602312598223,
        116.1166759783222,
        113.98170684315426,
        118.91859386400928,
        114.57980380126469,
        112.34971340762446,
        112.01268237953076,
        117.01722310028116,
        116.22231879716341,
        114.67388521710785,
        116.5518269678683,
        117.42515164825676,
        117.22410730016584,
        117.05488012992073,
        112.68851056510597,
        113.96389086541366,
        114.2491776028568,
        117.44061622477909,
        112.12689704675995,
        118.56578409453827,
        112.08274864258162
    ],
    "lats": [
        20.918800734333495,
        24.155468295966433,
        20.64598160891433,
        25.062291606846948,
        25.399232854254617,
        23.703688985722383,
        21.984815463132527,
        21.30144667748536,
        21.08636622797276,
        21.578482919333076,
        25.355663382085066,
        23.903705702003066,
        22.48520551287524,
        24.3985940051339,
        21.597290188637796,
        21.73538517366741,
        24.140133455587005,
        25.267014191471763,
        21.47242800379561,
        23.5246224339303,
        22.743515747149317,
        25.05081886088498,
        23.305524343791284,
        23.890840070256676,
        21.423265005942095,
        22.422008303592293
    ],
    "counts": [
        0,
        10,
        8,
        4,
        2,
        1,
        1,
        5,
        4,
        6,
        7,
        4,
        0,
        9,
        7,
        4,
        10,
        0,
        1,
        1,
        2,
        3,
        8,
        5,
        4,
        3
    ]
}